{
  "Vac": "480",
  "Pso": 2064.528564,
  "Paco": 250000.0,
  "Pdco": 259022.859375,
  "Vdco": 370.0,
  "C0": -1.266849e-07,
  "C1": 5.289765e-06,
  "C2": 0.001166,
  "C3": -0.000893,
  "Pnt": 75.0,
  "Vdcmax": 480.0,
  "Idcmax": 700.061782,
  "Mppt_low": 330.0,
  "Mppt_high": 480.0,
  "CEC_Date": "4/16/2018",
  "CEC_Type": "Utility Interactive"
}