{
  "plant_name":"Carambolo (7 inversores, 3 MPPT c\/u)",
  "atributo_nombre":"losses",
  "year":2025,
  "n_inverters":7,
  "n_points":8760,
  "timestep_h_est":1.0,
  "pac_total_w":1750000.0,
  "ac_energy_mwh":2954.8729226848,
  "dc_energy_mwh":3049.2977854677,
  "ac_peak_mw":1.5512219026,
  "dc_peak_mw":1.6015842209,
  "capacity_factor":0.192751006,
  "saturation_p50":0.0,
  "saturation_p95":0.7426573007,
  "saturation_p99":0.7968132671,
  "hours_at_ac_limit":0.0,
  "clipping_energy_mwh_est":0.0,
  "clipping_pct_of_dc_est":0.0,
  "dc_ac_ratio_p50":1.0288160567,
  "dc_ac_ratio_p95":1.2900177948
}