{
  "plant_name":"Carambolo (7 inversores, 3 MPPT c\/u)",
  "atributo_nombre":"no_loss",
  "year":2022,
  "n_inverters":7,
  "n_points":8760,
  "timestep_h_est":1.0,
  "pac_total_w":1750000.0,
  "ac_energy_mwh":3288.1569222875,
  "dc_energy_mwh":3399.7605918991,
  "ac_peak_mw":1.75,
  "dc_peak_mw":1.8211639486,
  "capacity_factor":0.2144916453,
  "saturation_p50":0.0016226128,
  "saturation_p95":0.8197255449,
  "saturation_p99":0.877725326,
  "hours_at_ac_limit":1.0,
  "clipping_energy_mwh_est":0.0711639486,
  "clipping_pct_of_dc_est":0.0020932047,
  "dc_ac_ratio_p50":1.0307949036,
  "dc_ac_ratio_p95":1.5361653515
}