{
  "plant_name":"Carambolo (7 inversores, 3 MPPT c\/u)",
  "atributo_nombre":"no_loss",
  "year":2023,
  "n_inverters":7,
  "n_points":8760,
  "timestep_h_est":1.0,
  "pac_total_w":1750000.0,
  "ac_energy_mwh":3410.7054618419,
  "dc_energy_mwh":3523.1203567104,
  "ac_peak_mw":1.6922448837,
  "dc_peak_mw":1.751510671,
  "capacity_factor":0.2224856792,
  "saturation_p50":0.0,
  "saturation_p95":0.8313147696,
  "saturation_p99":0.8997038263,
  "hours_at_ac_limit":0.0,
  "clipping_energy_mwh_est":0.0,
  "clipping_pct_of_dc_est":0.0,
  "dc_ac_ratio_p50":1.0306655187,
  "dc_ac_ratio_p95":1.3084309681
}